ID,Title,Excerpt,Image URL,Category,Author,Date,Read Time
1,Champions League: Manchester City Advances to Quarter Finals,An impressive display sees City dominate the round of 16 with a commanding 5-1 aggregate victory over their opponents,https://images.unsplash.com/photo-1579952363873-27f3bade9f55?w=800&q=80,Champions League,John Smith,2024-02-10,5 min read
2,Premier League: Title Race Intensifies in Final Weeks,"With only a few matches remaining, three teams are locked in an exciting battle for the championship trophy",https://images.unsplash.com/photo-1606925797300-0b35e9d1794e?w=800&q=80,Premier League,Sarah Johnson,2024-02-09,6 min read
3,Transfer News: Top Strikers Linked with Summer Moves,The transfer window is heating up with several high-profile players considering their options for next season,https://images.unsplash.com/photo-1431324155629-1a6deb1dec8d?w=800&q=80,Transfers,Michael Brown,2024-02-09,7 min read
4,Women's World Cup: Nigeria's Super Falcons Ready for Glory,The Nigerian women's team prepares for their upcoming World Cup campaign with renewed confidence and determination,https://images.unsplash.com/photo-1574629810360-7efbbe195018?w=800&q=80,Women's Football,Ada Williams,2024-02-08,4 min read
5,La Liga: Real Madrid Secures Important Victory,Los Blancos continue their push for the title with a convincing win against a tough opponent,https://images.unsplash.com/photo-1522778119026-d647f0596c20?w=800&q=80,La Liga,Carlos Rodriguez,2024-02-08,5 min read
6,Serie A: AC Milan's Resurgence Under New Manager,The Rossoneri have found their form with four consecutive victories under their new tactical approach,https://images.unsplash.com/photo-1543326727-cf6c39e8f84c?w=800&q=80,Serie A,Giovanni Rossi,2024-02-07,6 min read
7,Bundesliga: Bayern Munich Extends Winning Streak,The German giants continue their dominance with another impressive performance in the league,https://images.unsplash.com/photo-1560272564-c83b66b1ad12?w=800&q=80,Bundesliga,Hans Mueller,2024-02-07,5 min read
8,World Cup Qualifiers: Exciting Matches This Weekend,Several crucial World Cup qualifying matches are set to take place with major implications for the tournament,https://images.unsplash.com/photo-1489944440615-453fc2b6a9a9?w=800&q=80,World Cup,Emma Thompson,2024-02-06,8 min read
9,Premier League: Young Star Breaks Through,A talented youngster makes headlines with a stunning debut performance for his club,https://images.unsplash.com/photo-1551958219-acbc608c6377?w=800&q=80,Premier League,David Wilson,2024-02-06,4 min read
10,Champions League: Upset Victory Shocks Football World,An underdog team produces one of the biggest shocks in recent Champions League history,https://images.unsplash.com/photo-1553778263-73a83bab9b0c?w=800&q=80,Champions League,Lisa Anderson,2024-02-05,6 min read
11,Transfer Window: Record-Breaking Deal Announced,A historic transfer fee has been agreed for one of the world's most sought-after players,https://images.unsplash.com/photo-1486286701208-1d58e9338013?w=800&q=80,Transfers,Robert Martinez,2024-02-05,5 min read
12,La Liga: Barcelona's Tactical Evolution,The Catalan giants are adapting their famous playing style with impressive results,https://images.unsplash.com/photo-1577223625816-7546f13df25d?w=800&q=80,La Liga,Pablo Garcia,2024-02-04,7 min read
13,Women's Football: Breaking Barriers and Setting Records,Female players continue to achieve remarkable milestones in the beautiful game,https://images.unsplash.com/photo-1587329310686-91414b8e3cb7?w=800&q=80,Women's Football,Jennifer Lee,2024-02-04,6 min read
14,Serie A: Derby Della Madonnina Preview,The Milan derby promises excitement as both teams vie for crucial points in the title race,https://images.unsplash.com/photo-1508098682722-e99c43a406b2?w=800&q=80,Serie A,Marco Bianchi,2024-02-03,5 min read
15,Bundesliga: Dortmund's Young Squad Impresses,Borussia Dortmund's investment in youth is paying dividends with outstanding performances,https://images.unsplash.com/photo-1574629810360-7efbbe195018?w=800&q=80,Bundesliga,Klaus Schmidt,2024-02-03,6 min read
16,General: The Evolution of VAR Technology,How video assistant referees are changing the landscape of modern football,https://images.unsplash.com/photo-1575361204480-aadea25e6e68?w=800&q=80,General,Thomas Jackson,2024-02-02,8 min read
17,Premier League: Tactical Analysis of Top Teams,A deep dive into the strategies employed by the league's best managers,https://images.unsplash.com/photo-1577223625816-7546f13df25d?w=800&q=80,Premier League,Alex Turner,2024-02-02,9 min read
18,Champions League: Historic Comeback in the Making,A team looks to overturn a significant deficit in the second leg of their tie,https://images.unsplash.com/photo-1529079590693-0b102de05294?w=800&q=80,Champions League,Sophie Martin,2024-02-01,5 min read
19,Transfers: January Window Winners and Losers,Analyzing which clubs made the best and worst business during the transfer period,https://images.unsplash.com/photo-1517466787929-bc90951d0974?w=800&q=80,Transfers,Oliver Davis,2024-02-01,7 min read
20,General: Football's Impact on Global Culture,Exploring how the beautiful game influences societies around the world,https://images.unsplash.com/photo-1459865264687-595d652de67e?w=800&q=80,General,Maria Santos,2024-01-31,10 min read
